text,category
I cannot verify my identity. Could you please look into this?,account
I forgot my password and need to reset it. Please let me know what I should do.,account
Can you add filtering to the dashboard?. Can someone help me resolve this?,feature_request
I would like an integration with Google Drive. This has been happening since yesterday.,feature_request
It would be useful to have a mobile application. Could you please look into this?,feature_request
The application stopped working after the update. I would appreciate a quick response.,technical
I am not receiving the login verification code. This is causing a problem for me.,account
I need a refund for my recent purchase. This is quite frustrating.,billing
I cannot log into my account. I have already tried several times.,account
The search feature is not working. Please help me with this.,technical
My payment failed but money was deducted. Please let me know what I should do.,billing
I was charged for a subscription I cancelled. This has been happening since yesterday.,billing
I am not receiving the login verification code. This has been happening since yesterday.,account
It would be useful to have a mobile application. Please help me with this.,feature_request
My login credentials are not being accepted. This is causing a problem for me.,account
I cannot upload my document. I need this resolved as soon as possible.,technical
I am getting an error when trying to download a file. Please let me know what I should do.,technical
The application keeps crashing when I open it. This is causing a problem for me.,technical
I forgot my password and need to reset it. I would appreciate a quick response.,account
I want to understand this unexpected charge. Could you please look into this?,billing
The page keeps freezing. Can someone help me resolve this?,technical
I cannot verify my identity. I need this resolved as soon as possible.,account
Can you provide an API for this feature?. I would appreciate a quick response.,feature_request
The search feature is not working. I need this resolved as soon as possible.,technical
Please add dark mode to the application. Please help me with this.,feature_request
The refund has not reached my account yet. I need this resolved as soon as possible.,billing
The website is showing an error. Please let me know what I should do.,technical
I cannot verify my identity. I would appreciate a quick response.,account
I need to change my email address. Could you please look into this?,account
I want to understand this unexpected charge. Can someone help me resolve this?,billing
I was charged twice for my subscription. Could you please look into this?,billing
Why was I charged an extra amount on my invoice?. Could you please look into this?,billing
I cannot upload my document. I would appreciate a quick response.,technical
I am getting an error when trying to download a file. Please help me with this.,technical
I would like a custom notification feature. This has been happening since yesterday.,feature_request
The page keeps freezing. Can someone help me resolve this?,technical
Can you add filtering to the dashboard?. I need this resolved as soon as possible.,feature_request
The application stopped working after the update. I need this resolved as soon as possible.,technical
Can you add filtering to the dashboard?. I need this resolved as soon as possible.,feature_request
I am not receiving the login verification code. Please help me with this.,account
Please add support for more languages. This is quite frustrating.,feature_request
My billing amount is incorrect. Please help me with this.,billing
I would like a custom notification feature. This has been happening since yesterday.,feature_request
I cannot complete the requested action because of an error. This has been happening since yesterday.,technical
I cannot complete the requested action because of an error. This has been happening since yesterday.,technical
How can I update my account details?. Please help me with this.,account
I would like a custom notification feature. Can someone help me resolve this?,feature_request
I would like a custom notification feature. This is causing a problem for me.,feature_request
Please add dark mode to the application. I need this resolved as soon as possible.,feature_request
I am getting an error when trying to download a file. This is causing a problem for me.,technical
Can you add filtering to the dashboard?. I would appreciate a quick response.,feature_request
My card was charged twice this month. Can someone help me resolve this?,billing
I am not receiving the login verification code. This is causing a problem for me.,account
I want to change the phone number linked to my account. This is quite frustrating.,account
My login credentials are not being accepted. Can someone help me resolve this?,account
Please add a calendar view. I would appreciate a quick response.,feature_request
My account is locked. I need this resolved as soon as possible.,account
My payment failed but money was deducted. I would appreciate a quick response.,billing
I am not receiving the login verification code. I would appreciate a quick response.,account
The application stopped working after the update. This is causing a problem for me.,technical
The dashboard is loading very slowly. I would appreciate a quick response.,technical
Why was I charged an extra amount on my invoice?. I would appreciate a quick response.,billing
It would be useful to have a mobile application. Can someone help me resolve this?,feature_request
Can you provide an API for this feature?. This is quite frustrating.,feature_request
I cannot upload my document. This is quite frustrating.,technical
Please add support for more languages. This is quite frustrating.,feature_request
I need to change my email address. Please let me know what I should do.,account
My payment failed but money was deducted. I would appreciate a quick response.,billing
The system is giving me a server error. Could you please look into this?,technical
My card was charged twice this month. I would appreciate a quick response.,billing
I forgot my password and need to reset it. I would appreciate a quick response.,account
Why was I charged an extra amount on my invoice?. This is causing a problem for me.,billing
How can I update my account details?. This is quite frustrating.,account
Can you add an option to export reports?. Please let me know what I should do.,feature_request
My login credentials are not being accepted. I would appreciate a quick response.,account
The website is showing an error. I have already tried several times.,technical
My billing amount is incorrect. Please help me with this.,billing
The invoice shows the wrong amount. This has been happening since yesterday.,billing
It would be helpful to have bulk upload. This has been happening since yesterday.,feature_request
The dashboard is loading very slowly. Can someone help me resolve this?,technical
I forgot my password and need to reset it. This is quite frustrating.,account
I am getting an error when trying to download a file. Could you please look into this?,technical
Can you add filtering to the dashboard?. This has been happening since yesterday.,feature_request
I am not receiving the login verification code. This is causing a problem for me.,account
Can you add an option to export reports?. Please help me with this.,feature_request
I cannot upload my document. I would appreciate a quick response.,technical
I would like a custom notification feature. I have already tried several times.,feature_request
I forgot my password and need to reset it. Please help me with this.,account
I cannot upload my document. I have already tried several times.,technical
The search feature is not working. Please let me know what I should do.,technical
My payment failed but money was deducted. Can someone help me resolve this?,billing
Can you add filtering to the dashboard?. Please help me with this.,feature_request
My payment failed but money was deducted. I have already tried several times.,billing
I want to change the phone number linked to my account. Can someone help me resolve this?,account
I was charged twice for my subscription. I would appreciate a quick response.,billing
I need a refund for my recent purchase. Please let me know what I should do.,billing
My billing amount is incorrect. Could you please look into this?,billing
I cannot complete the requested action because of an error. This is causing a problem for me.,technical
My account access stopped working. This is quite frustrating.,account
I want to change the phone number linked to my account. Could you please look into this?,account
I cannot complete the requested action because of an error. I need this resolved as soon as possible.,technical
The search feature is not working. This is causing a problem for me.,technical
Can you provide an API for this feature?. This is causing a problem for me.,feature_request
I was charged for a subscription I cancelled. Can someone help me resolve this?,billing
I would like an integration with Google Drive. I would appreciate a quick response.,feature_request
I cannot log into my account. This is causing a problem for me.,account
I need a refund for my recent purchase. Could you please look into this?,billing
I am not receiving the login verification code. Can someone help me resolve this?,account
The dashboard is loading very slowly. Please help me with this.,technical
My payment failed but money was deducted. Please help me with this.,billing
The invoice shows the wrong amount. Please help me with this.,billing
My billing amount is incorrect. This is causing a problem for me.,billing
I want to change the phone number linked to my account. I need this resolved as soon as possible.,account
Can you provide an API for this feature?. I would appreciate a quick response.,feature_request
Please add a calendar view. Please help me with this.,feature_request
The invoice shows the wrong amount. Could you please look into this?,billing
I was charged twice for my subscription. This is causing a problem for me.,billing
I cannot verify my identity. Could you please look into this?,account
How can I update my account details?. This is causing a problem for me.,account
I cannot log into my account. Please let me know what I should do.,account
My card was charged twice this month. I have already tried several times.,billing
I would like a custom notification feature. Please let me know what I should do.,feature_request
The application keeps crashing when I open it. This is causing a problem for me.,technical
Can you provide an API for this feature?. Please help me with this.,feature_request
I cannot verify my identity. Please let me know what I should do.,account
I cannot log into my account. Could you please look into this?,account
I would like an integration with Google Drive. This is quite frustrating.,feature_request
The system is giving me a server error. Please let me know what I should do.,technical
My account is locked. This has been happening since yesterday.,account
The system is giving me a server error. Please let me know what I should do.,technical
Can you add an option to export reports?. This is causing a problem for me.,feature_request
The application keeps crashing when I open it. This has been happening since yesterday.,technical
The invoice shows the wrong amount. This has been happening since yesterday.,billing
Why was I charged an extra amount on my invoice?. This is causing a problem for me.,billing
My billing amount is incorrect. This is causing a problem for me.,billing
Can you provide an API for this feature?. This is causing a problem for me.,feature_request
I was charged for a subscription I cancelled. Could you please look into this?,billing
I was charged for a subscription I cancelled. Can someone help me resolve this?,billing
I cannot complete the requested action because of an error. Please help me with this.,technical
It would be helpful to have bulk upload. This is causing a problem for me.,feature_request
I would like an integration with Google Drive. I need this resolved as soon as possible.,feature_request
The system is giving me a server error. I have already tried several times.,technical
Please add dark mode to the application. I have already tried several times.,feature_request
How can I update my account details?. Please let me know what I should do.,account
I cannot complete the requested action because of an error. Could you please look into this?,technical
The application stopped working after the update. I would appreciate a quick response.,technical
I forgot my password and need to reset it. Could you please look into this?,account
The search feature is not working. I would appreciate a quick response.,technical
I was charged for a subscription I cancelled. This is causing a problem for me.,billing
My account access stopped working. Could you please look into this?,account
I need a refund for my recent purchase. I have already tried several times.,billing
The application stopped working after the update. Please let me know what I should do.,technical
I would like a custom notification feature. Please let me know what I should do.,feature_request
I am getting an error when trying to download a file. Could you please look into this?,technical
I would like a custom notification feature. Please help me with this.,feature_request
My payment failed but money was deducted. Please let me know what I should do.,billing
My billing amount is incorrect. Can someone help me resolve this?,billing
Please add a calendar view. This is causing a problem for me.,feature_request
I am not receiving the login verification code. Could you please look into this?,account
Why was I charged an extra amount on my invoice?. I need this resolved as soon as possible.,billing
